{
  "xs-app.json": 1706627784714,
  "manifest.json": 1706627784718,
  "test/integration/pages/RisksList.js": 1706444279007,
  "test/integration/opaTests.qunit.js": 1706444278963,
  "test/integration/FirstJourney.js": 1706444279043,
  "test/testsuite.qunit.js": 1706444278951,
  "i18n/i18n.properties": 1706444359534,
  "test/integration/pages/RisksObjectPage.js": 1706444279027,
  "Component.js": 1706444278839,
  "Component-dbg.js": 1706444278839,
  "Component.js.map": 1706627799583,
  "test/integration/opaTests.qunit-dbg.js": 1706444278963,
  "test/integration/opaTests.qunit.js.map": 1706627799588,
  "test/integration/FirstJourney-dbg.js": 1706444279043,
  "test/integration/FirstJourney.js.map": 1706627799560,
  "test/testsuite.qunit-dbg.js": 1706444278951,
  "test/testsuite.qunit.js.map": 1706627799559,
  "test/integration/pages/RisksObjectPage-dbg.js": 1706444279027,
  "test/integration/pages/RisksObjectPage.js.map": 1706627799577,
  "test/integration/pages/RisksList-dbg.js": 1706444279007,
  "test/integration/pages/RisksList.js.map": 1706627799572,
  "Component-preload.js": 1706627799702,
  "Component-preload.js.map": 1706627799702,
  "test/integration/opaTests.qunit.html": 1706444278963,
  "test/testsuite.qunit.html": 1706444278935,
  "test/flpSandbox.html": 1706444278923,
  "index.html": 1706444278839
}